<?xml version="1.0" encoding="utf-8"?>
<config>
    <defaultValues>    
        <name multilanguage="true">Каталог товаров</name>
        <description multilanguage="true">Администрирование каталога товаров по рубрикам</description>        
        <version>2.0.0.180</version>
        <author>ReadyScript lab.</author>
        <is_system>1</is_system>
        <dependfrom>photo</dependfrom>

        <list_page_size>12</list_page_size>
        <list_default_order>dateof</list_default_order>
        <list_default_order_direction>desc</list_default_order_direction>
        <hide_unobtainable_goods>N</hide_unobtainable_goods>
        <default_weight>0</default_weight>
        <disable_search_index>0</disable_search_index>
        <concat_dir_meta>1</concat_dir_meta>
        <auto_barcode>a{n|6}</auto_barcode>
        <buyinoneclick>1</buyinoneclick>
        <update_price_round>0</update_price_round>
        <update_price_round_value>0</update_price_round_value>
        <brand_products_specdir>0</brand_products_specdir>
        <brand_products_cnt>8</brand_products_cnt>
        <use_offer_unit>0</use_offer_unit>
        <import_photos_timeout>20</import_photos_timeout>
        <import_yml_timeout>20</import_yml_timeout>
        <show_all_products>0</show_all_products>
        <list_default_view_as>blocks</list_default_view_as>
        <warehouse_sticks>1,5,15,25,50</warehouse_sticks>
        <dont_buy_when_null>0</dont_buy_when_null>
        <csv_offer_product_search_field>title</csv_offer_product_search_field>
        <csv_offer_search_field>sortn</csv_offer_search_field>
        <price_like_slider>0</price_like_slider>
        <csv_id_fields type="array">
            <value>title</value>
            <value>barcode</value>
        </csv_id_fields>
        <search_fields type="array">
            <value>properties</value>
            <value>barcode</value>
            <value>short_description</value>
            <value>meta_keywords</value>
        </search_fields>        
    </defaultValues>
</config>